Id;CityId;Name;LastUpdate
1101;37;ABANA;2022-09-03 08:10:23.7715673
1102;20;ACIPAYAM;2022-09-03 08:09:34.1949704
1103;34;ADALAR;2022-09-03 08:12:01.3838758
1104;1;SEYHAN;2022-09-03 08:09:57.1833339
1105;2;MERKEZ;2022-09-03 08:10:33.3027678
1106;13;ADİLCEVAZ;2022-09-03 08:09:15.7459078
1107;46;AFŞİN;2022-09-03 08:11:35.6453829
1108;3;MERKEZ;2022-09-03 08:11:37.3715487
1109;15;AĞLASUN;2022-09-03 08:10:30.6324701
1110;23;AĞIN;2022-09-03 08:12:36.6462118
1111;4;MERKEZ;2022-09-03 08:10:03.0314439
1112;13;AHLAT;2022-09-03 08:10:01.2460014
1113;61;AKÇAABAT;2022-09-03 08:12:58.2507790
1114;44;AKÇADAĞ;2022-09-03 08:09:30.6623837
1115;63;AKÇAKALE;2022-09-03 08:11:28.6019591
1116;81;AKÇAKOCA;2022-09-03 08:11:30.0458391
1117;66;AKDAĞMADENİ;2022-09-03 08:11:35.8954880
1118;45;AKHİSAR;2022-09-03 08:12:34.5059262
1119;52;AKKUŞ;2022-09-03 08:13:16.9637075
1120;68;MERKEZ;2022-09-03 08:10:52.2772266
1121;7;AKSEKİ;2022-09-03 08:09:44.2300591
1122;42;AKŞEHİR;2022-09-03 08:12:30.8492491
1123;54;AKYAZI;2022-09-03 08:11:38.6088337
1124;19;ALACA;2022-09-03 08:13:02.0642920
1125;55;ALAÇAM;2022-09-03 08:11:51.5528383
1126;7;ALANYA;2022-09-03 08:11:15.2989741
1127;45;ALAŞEHİR;2022-09-03 08:10:46.9907617
1128;35;ALİAĞA;2022-09-03 08:09:43.6904644
1129;60;ALMUS;2022-09-03 08:09:28.8782067
1130;6;ALTINDAĞ;2022-09-03 08:11:58.1407254
1131;31;ALTINÖZÜ;2022-09-03 08:10:27.6761518
1132;43;ALTINTAŞ;2022-09-03 08:10:00.1660769
1133;28;ALUCRA;2022-09-03 08:12:17.5857101
1134;5;MERKEZ;2022-09-03 08:09:57.7811094
1135;33;ANAMUR;2022-09-03 08:10:47.8894740
1136;46;ANDIRIN;2022-09-03 08:09:41.0724326
1139;27;ARABAN;2022-09-03 08:12:42.1768714
1140;37;ARAÇ;2022-09-03 08:12:52.5969387
1141;61;ARAKLI;2022-09-03 08:11:00.7012335
1142;76;ARALIK;2022-09-03 08:09:30.5721636
1143;44;ARAPGİR;2022-09-03 08:11:52.4556318
1144;75;MERKEZ;2022-09-03 08:09:51.7129711
1145;8;ARDANUÇ;2022-09-03 08:09:21.9541925
1146;53;ARDEŞEN;2022-09-03 08:13:03.8119523
1147;8;ARHAVİ;2022-09-03 08:12:42.9625953
1148;44;ARGUVAN;2022-09-03 08:12:36.9071507
1149;36;ARPAÇAY;2022-09-03 08:12:05.3524989
1150;61;ARSİN;2022-09-03 08:11:41.0167423
1151;60;ARTOVA;2022-09-03 08:10:59.5278610
1152;8;MERKEZ;2022-09-03 08:10:15.6019149
1153;25;AŞKALE;2022-09-03 08:10:41.0794277
1154;32;ATABEY;2022-09-03 08:13:00.4711663
1155;50;AVANOS;2022-09-03 08:11:13.0350999
1156;57;AYANCIK;2022-09-03 08:11:26.7857740
1157;6;AYAŞ;2022-09-03 08:11:06.0039772
1158;52;AYBASTI;2022-09-03 08:12:20.3962359
1160;17;AYVACIK;2022-09-03 08:10:40.5900680
1161;10;AYVALIK;2022-09-03 08:09:14.1533382
1162;37;AZDAVAY;2022-09-03 08:09:45.4616229
1163;39;BABAESKİ;2022-09-03 08:11:57.2720641
1164;55;BAFRA;2022-09-03 08:10:47.2101348
1165;80;BAHÇE;2022-09-03 08:09:39.2845894
1166;34;BAKIRKÖY;2022-09-03 08:11:10.2187763
1167;6;BALA;2022-09-03 08:10:29.4277493
1169;10;BALYA;2022-09-03 08:09:30.7479156
1170;64;BANAZ;2022-09-03 08:11:46.0644413
1171;10;BANDIRMA;2022-09-03 08:12:51.6163314
1172;74;MERKEZ;2022-09-03 08:10:12.7151837
1173;23;BASKİL;2022-09-03 08:12:53.0099645
1174;72;MERKEZ;2022-09-03 08:09:54.1232149
1175;65;BAŞKALE;2022-09-03 08:09:54.8432931
1176;69;MERKEZ;2022-09-03 08:12:12.8932336
1177;19;BAYAT;2022-09-03 08:11:55.3238301
1178;35;BAYINDIR;2022-09-03 08:09:22.8041546
1179;56;BAYKAN;2022-09-03 08:11:41.4380021
1180;17;BAYRAMİÇ;2022-09-03 08:12:53.5394769
1181;35;BERGAMA;2022-09-03 08:12:45.6604344
1182;2;BESNİ;2022-09-03 08:10:09.1885233
1183;34;BEŞİKTAŞ;2022-09-03 08:13:16.4318729
1184;72;BEŞİRİ;2022-09-03 08:11:32.4641244
1185;34;BEYKOZ;2022-09-03 08:12:24.4491213
1186;34;BEYOĞLU;2022-09-03 08:09:30.4778563
1187;6;BEYPAZARI;2022-09-03 08:10:19.8148607
1188;42;BEYŞEHİR;2022-09-03 08:12:20.9135706
1189;73;BEYTÜŞŞEBAP;2022-09-03 08:11:57.9066474
1190;17;BİGA;2022-09-03 08:10:49.4243328
1191;10;BİGADİÇ;2022-09-03 08:10:17.8773062
1192;11;MERKEZ;2022-09-03 08:09:53.5590808
1193;12;MERKEZ;2022-09-03 08:12:38.8693635
1194;63;BİRECİK;2022-09-03 08:10:05.6692257
1195;21;BİSMİL;2022-09-03 08:11:06.8058145
1196;13;MERKEZ;2022-09-03 08:12:33.2270516
1197;48;BODRUM;2022-09-03 08:09:55.3576290
1198;66;BOĞAZLIYAN;2022-09-03 08:10:49.0079453
1199;14;MERKEZ;2022-09-03 08:11:07.2822849
1200;3;BOLVADİN;2022-09-03 08:09:20.5550601
1201;51;BOR;2022-09-03 08:09:55.2394211
1202;8;BORÇKA;2022-09-03 08:11:03.5169075
1203;35;BORNOVA;2022-09-03 08:10:37.6866382
1204;57;BOYABAT;2022-09-03 08:10:11.5428107
1205;17;BOZCAADA;2022-09-03 08:11:27.6417989
1206;9;BOZDOĞAN;2022-09-03 08:12:24.2231600
1207;42;BOZKIR;2022-09-03 08:11:34.4438031
1208;37;BOZKURT;2022-09-03 08:11:50.3991538
1209;63;BOZOVA;2022-09-03 08:11:35.0323674
1210;11;BOZÜYÜK;2022-09-03 08:10:46.7759051
1211;15;BUCAK;2022-09-03 08:09:16.4405962
1212;28;BULANCAK;2022-09-03 08:09:20.7401346
1213;49;BULANIK;2022-09-03 08:12:16.8789760
1214;20;BULDAN;2022-09-03 08:12:24.9842938
1215;15;MERKEZ;2022-09-03 08:09:23.7709363
1216;10;BURHANİYE;2022-09-03 08:10:11.8581081
1218;38;BÜNYAN;2022-09-03 08:10:32.7141009
1219;1;CEYHAN;2022-09-03 08:11:17.8395686
1220;63;CEYLANPINAR;2022-09-03 08:12:50.0723386
1221;37;CİDE;2022-09-03 08:11:20.9278842
1222;42;CİHANBEYLİ;2022-09-03 08:11:43.3476774
1223;73;CİZRE;2022-09-03 08:11:04.6410788
1224;20;ÇAL;2022-09-03 08:11:32.6659911
1225;51;ÇAMARDI;2022-09-03 08:11:04.4488319
1226;20;ÇAMELİ;2022-09-03 08:09:51.4330748
1227;6;ÇAMLIDERE;2022-09-03 08:11:18.2076793
1228;53;ÇAMLIHEMŞİN;2022-09-03 08:09:17.8411813
1229;17;ÇAN;2022-09-03 08:12:05.1249379
1230;17;MERKEZ;2022-09-03 08:10:40.2063499
1231;6;ÇANKAYA;2022-09-03 08:11:05.0461988
1232;18;MERKEZ;2022-09-03 08:10:08.2853299
1233;20;ÇARDAK;2022-09-03 08:09:49.2430723
1234;55;ÇARŞAMBA;2022-09-03 08:11:11.4806857
1235;25;ÇAT;2022-09-03 08:10:36.3055602
1236;65;ÇATAK;2022-09-03 08:12:49.3303433
1237;34;ÇATALCA;2022-09-03 08:09:40.1521987
1238;37;ÇATALZEYTİN;2022-09-03 08:10:51.8671359
1239;3;ÇAY;2022-09-03 08:12:14.6296029
1240;67;ÇAYCUMA;2022-09-03 08:11:02.8510787
1241;53;ÇAYELİ;2022-09-03 08:12:00.9147212
1242;66;ÇAYIRALAN;2022-09-03 08:11:24.6984607
1243;24;ÇAYIRLI;2022-09-03 08:10:42.6601512
1244;61;ÇAYKARA;2022-09-03 08:11:42.6978953
1245;66;ÇEKEREK;2022-09-03 08:13:01.5467871
1246;2;ÇELİKHAN;2022-09-03 08:11:39.3921854
1247;62;ÇEMİŞGEZEK;2022-09-03 08:10:00.0305334
1248;18;ÇERKEŞ;2022-09-03 08:09:17.6092441
1249;21;ÇERMİK;2022-09-03 08:10:09.9904814
1250;59;ÇERKEZKÖY;2022-09-03 08:09:36.1196734
1251;35;ÇEŞME;2022-09-03 08:13:11.5238640
1252;75;ÇILDIR;2022-09-03 08:13:14.8172145
1253;21;ÇINAR;2022-09-03 08:09:21.4122066
1254;40;ÇİÇEKDAĞI;2022-09-03 08:09:34.0056013
1255;26;ÇİFTELER;2022-09-03 08:12:08.8660479
1256;9;ÇİNE;2022-09-03 08:09:45.6035270
1257;20;ÇİVRİL;2022-09-03 08:12:09.0871123
1258;59;ÇORLU;2022-09-03 08:10:49.1838645
1259;19;MERKEZ;2022-09-03 08:10:37.4740357
1260;6;ÇUBUK;2022-09-03 08:10:54.8548497
1261;30;ÇUKURCA;2022-09-03 08:12:54.0323726
1262;42;ÇUMRA;2022-09-03 08:12:29.0074336
1263;21;ÇÜNGÜŞ;2022-09-03 08:12:11.4785772
1264;37;DADAY;2022-09-03 08:09:41.5604891
1265;44;DARENDE;2022-09-03 08:11:21.1518349
1266;48;DATÇA;2022-09-03 08:09:21.6471232
1267;3;DAZKIRI;2022-09-03 08:10:03.6869158
1268;71;DELİCE;2022-09-03 08:10:34.6964976
1269;45;DEMİRCİ;2022-09-03 08:11:08.4554094
1270;39;DEMİRKÖY;2022-09-03 08:11:08.2305574
1272;28;DERELİ;2022-09-03 08:09:59.8704413
1273;47;DERİK;2022-09-03 08:12:59.0462090
1274;50;DERİNKUYU;2022-09-03 08:12:55.6445690
1275;38;DEVELİ;2022-09-03 08:10:54.4607035
1276;67;DEVREK;2022-09-03 08:11:10.7433753
1277;37;DEVREKANİ;2022-09-03 08:11:00.3231396
1278;21;DİCLE;2022-09-03 08:10:40.9158723
1279;36;DİGOR;2022-09-03 08:13:12.3213947
1280;35;DİKİLİ;2022-09-03 08:09:38.2499569
1281;3;DİNAR;2022-09-03 08:10:52.9046494
1282;58;DİVRİĞİ;2022-09-03 08:10:54.2572149
1283;4;DİYADİN;2022-09-03 08:09:14.7922767
1285;42;DOĞANHİSAR;2022-09-03 08:12:57.1718703
1286;44;DOĞANŞEHİR;2022-09-03 08:11:32.8623708
1287;4;DOĞUBAYAZIT;2022-09-03 08:10:35.7651257
1288;43;DOMANİÇ;2022-09-03 08:11:05.4268244
1289;31;DÖRTYOL;2022-09-03 08:09:21.7918631
1290;57;DURAĞAN;2022-09-03 08:10:46.5791207
1291;10;DURSUNBEY;2022-09-03 08:10:24.3350176
1292;81;MERKEZ;2022-09-03 08:13:10.6904016
1293;17;ECEABAT;2022-09-03 08:12:15.5671372
1294;10;EDREMİT;2022-09-03 08:11:28.3950114
1295;22;MERKEZ;2022-09-03 08:10:50.2850301
1296;78;EFLANİ;2022-09-03 08:10:28.7276076
1297;32;EĞİRDİR;2022-09-03 08:12:47.4410346
1298;23;MERKEZ;2022-09-03 08:09:27.3826017
1299;46;ELBİSTAN;2022-09-03 08:10:07.6250366
1300;18;ELDİVAN;2022-09-03 08:10:22.3238040
1301;4;ELEŞKİRT;2022-09-03 08:09:39.1628891
1302;6;ELMADAĞ;2022-09-03 08:09:43.2843450
1303;7;ELMALI;2022-09-03 08:12:32.1774277
1304;43;EMET;2022-09-03 08:10:03.9458793
1306;3;EMİRDAĞ;2022-09-03 08:13:09.2370147
1307;22;ENEZ;2022-09-03 08:11:40.8132325
1308;60;ERBAA;2022-09-03 08:11:31.5586875
1309;65;ERCİŞ;2022-09-03 08:10:35.9781015
1310;10;ERDEK;2022-09-03 08:09:17.1612957
1311;33;ERDEMLİ;2022-09-03 08:12:56.6558612
1312;42;EREĞLİ;2022-09-03 08:10:56.7875049
1313;67;EREĞLİ;2022-09-03 08:09:14.8901395
1314;57;ERFELEK;2022-09-03 08:09:16.0741711
1315;21;ERGANİ;2022-09-03 08:10:07.7634345
1316;70;ERMENEK;2022-09-03 08:09:45.0756612
1317;56;ERUH;2022-09-03 08:10:38.3791758
1318;24;MERKEZ;2022-09-03 08:09:46.4483933
1320;28;ESPİYE;2022-09-03 08:09:53.1283673
1321;78;ESKİPAZAR;2022-09-03 08:10:10.3335707
1323;64;EŞME;2022-09-03 08:09:52.0557484
1324;28;EYNESİL;2022-09-03 08:09:19.3212054
1325;34;EYÜPSULTAN;2022-09-03 08:12:04.3109765
1326;17;EZİNE;2022-09-03 08:09:43.4053791
1327;34;FATİH;2022-09-03 08:09:37.4342259
1328;52;FATSA;2022-09-03 08:11:12.4114226
1329;1;FEKE;2022-09-03 08:12:36.3918431
1330;38;FELAHİYE;2022-09-03 08:09:49.0048068
1331;48;FETHİYE;2022-09-03 08:11:07.5020841
1332;53;FINDIKLI;2022-09-03 08:10:23.9781658
1333;7;FİNİKE;2022-09-03 08:12:17.1148961
1334;35;FOÇA;2022-09-03 08:11:22.2719312
1336;34;GAZİOSMANPAŞA;2022-09-03 08:10:03.8112944
1337;7;GAZİPAŞA;2022-09-03 08:09:38.1389172
1338;41;GEBZE;2022-09-03 08:12:27.7434360
1339;43;GEDİZ;2022-09-03 08:13:06.1356218
1340;17;GELİBOLU;2022-09-03 08:09:49.3671634
1341;32;GELENDOST;2022-09-03 08:12:28.1912028
1342;58;GEMEREK;2022-09-03 08:10:24.6212881
1343;16;GEMLİK;2022-09-03 08:10:35.3787442
1344;12;GENÇ;2022-09-03 08:11:21.6546568
1345;72;GERCÜŞ;2022-09-03 08:12:15.0994665
1346;14;GEREDE;2022-09-03 08:10:10.6328831
1347;2;GERGER;2022-09-03 08:11:36.9176380
1348;9;GERMENCİK;2022-09-03 08:09:53.9451427
1349;57;GERZE;2022-09-03 08:12:38.5808724
1350;65;GEVAŞ;2022-09-03 08:10:57.3148657
1351;54;GEYVE;2022-09-03 08:09:47.6548628
1352;28;MERKEZ;2022-09-03 08:13:02.6968973
1353;46;GÖKSUN;2022-09-03 08:11:39.8650053
1354;2;GÖLBAŞI;2022-09-03 08:11:43.1251764
1355;41;GÖLCÜK;2022-09-03 08:10:53.9846850
1356;75;GÖLE;2022-09-03 08:09:29.4281837
1357;15;GÖLHİSAR;2022-09-03 08:11:23.0409389
1358;52;GÖLKÖY;2022-09-03 08:09:59.3280304
1359;11;GÖLPAZARI;2022-09-03 08:12:33.7944525
1360;10;GÖNEN;2022-09-03 08:12:23.9910477
1361;28;GÖRELE;2022-09-03 08:12:30.5962702
1362;45;GÖRDES;2022-09-03 08:10:16.6522886
1363;5;GÖYNÜCEK;2022-09-03 08:11:13.6532091
1364;14;GÖYNÜK;2022-09-03 08:09:43.1474654
1365;6;GÜDÜL;2022-09-03 08:10:21.7254882
1366;33;GÜLNAR;2022-09-03 08:12:06.4652519
1367;50;GÜLŞEHİR;2022-09-03 08:09:50.9447773
1368;5;GÜMÜŞHACIKÖY;2022-09-03 08:11:59.1547026
1369;29;MERKEZ;2022-09-03 08:09:37.8794546
1370;7;GÜNDOĞMUŞ;2022-09-03 08:12:56.9072173
1371;20;GÜNEY;2022-09-03 08:09:47.8875349
1372;65;GÜRPINAR;2022-09-03 08:09:25.3792961
1373;58;GÜRÜN;2022-09-03 08:13:16.1887608
1374;50;HACIBEKTAŞ;2022-09-03 08:11:43.5573822
1375;42;HADİM;2022-09-03 08:10:39.9947348
1376;58;HAFİK;2022-09-03 08:13:05.5756515
1377;30;MERKEZ;2022-09-03 08:12:18.3937501
1378;63;HALFETİ;2022-09-03 08:12:49.5868177
1379;4;HAMUR;2022-09-03 08:10:12.1892602
1380;75;HANAK;2022-09-03 08:12:48.2507225
1381;21;HANİ;2022-09-03 08:13:13.1382217
1382;31;HASSA;2022-09-03 08:09:56.8753708
1384;10;HAVRAN;2022-09-03 08:10:01.6177380
1385;22;HAVSA;2022-09-03 08:11:47.8655003
1386;55;HAVZA;2022-09-03 08:10:43.1596267
1387;6;HAYMANA;2022-09-03 08:10:18.9666168
1388;59;HAYRABOLU;2022-09-03 08:09:25.8970369
1389;21;HAZRO;2022-09-03 08:11:30.2406962
1390;44;HEKİMHAN;2022-09-03 08:12:11.2515751
1391;54;HENDEK;2022-09-03 08:09:59.0688848
1392;25;HINIS;2022-09-03 08:13:03.4824224
1393;63;HİLVAN;2022-09-03 08:11:16.6547922
1394;13;HİZAN;2022-09-03 08:10:27.8932424
1395;8;HOPA;2022-09-03 08:12:55.3907047
1396;25;HORASAN;2022-09-03 08:13:11.7933406
1397;62;HOZAT;2022-09-03 08:09:42.9621400
1398;76;MERKEZ;2022-09-03 08:11:51.3345351
1399;18;ILGAZ;2022-09-03 08:11:48.0774086
1400;42;ILGIN;2022-09-03 08:13:06.6470700
1401;32;MERKEZ;2022-09-03 08:10:37.2094594
1403;73;İDİL;2022-09-03 08:11:12.8388833
1404;3;İHSANİYE;2022-09-03 08:11:20.3824895
1405;53;İKİZDERE;2022-09-03 08:10:48.2695260
1406;24;İLİÇ;2022-09-03 08:13:13.9683282
1407;58;İMRANLI;2022-09-03 08:11:52.2319743
1408;17;GÖKÇEADA;2022-09-03 08:10:55.0298838
1409;38;İNCESU;2022-09-03 08:10:28.9230298
1410;37;İNEBOLU;2022-09-03 08:12:24.7362792
1411;16;İNEGÖL;2022-09-03 08:10:38.7519346
1412;22;İPSALA;2022-09-03 08:10:05.8058197
1413;31;İSKENDERUN;2022-09-03 08:10:11.7171200
1414;19;İSKİLİP;2022-09-03 08:09:17.2472905
1415;27;İSLAHİYE;2022-09-03 08:11:33.8500015
1416;25;İSPİR;2022-09-03 08:11:54.4208647
1418;10;İVRİNDİ;2022-09-03 08:13:04.6555119
1420;16;İZNİK;2022-09-03 08:10:03.1796517
1421;34;KADIKÖY;2022-09-03 08:09:33.1117557
1422;42;KADINHANI;2022-09-03 08:10:21.8716220
1423;80;KADİRLİ;2022-09-03 08:11:29.2368914
1424;36;KAĞIZMAN;2022-09-03 08:11:53.7503210
1425;2;KAHTA;2022-09-03 08:09:31.0110218
1426;20;KALE;2022-09-03 08:13:18.6361656
1427;6;KALECİK;2022-09-03 08:10:26.9463266
1428;53;KALKANDERE;2022-09-03 08:10:01.7493869
1429;40;KAMAN;2022-09-03 08:09:19.2293730
1430;41;KANDIRA;2022-09-03 08:09:43.5770867
1431;58;KANGAL;2022-09-03 08:09:18.6632713
1432;35;KARABURUN;2022-09-03 08:10:58.0392870
1433;78;MERKEZ;2022-09-03 08:12:33.5338438
1434;16;KARACABEY;2022-09-03 08:11:15.5398836
1435;9;KARACASU;2022-09-03 08:10:30.7922613
1436;64;KARAHALLI;2022-09-03 08:10:40.3778071
1437;1;KARAİSALI;2022-09-03 08:10:44.8714878
1438;23;KARAKOÇAN;2022-09-03 08:10:04.8863632
1439;70;MERKEZ;2022-09-03 08:10:08.1348097
1440;41;KARAMÜRSEL;2022-09-03 08:09:57.4377094
1441;42;KARAPINAR;2022-09-03 08:09:16.5319242
1442;54;KARASU;2022-09-03 08:10:25.8503819
1443;1;KARATAŞ;2022-09-03 08:10:11.9994651
1444;25;KARAYAZI;2022-09-03 08:09:29.8311534
1445;19;KARGI;2022-09-03 08:13:06.9572773
1446;12;KARLIOVA;2022-09-03 08:12:30.0036110
1447;36;MERKEZ;2022-09-03 08:09:55.1051042
1448;35;KARŞIYAKA;2022-09-03 08:11:24.3088767
1449;34;KARTAL;2022-09-03 08:11:57.0459728
1450;37;MERKEZ;2022-09-03 08:12:12.5577313
1451;7;KAŞ;2022-09-03 08:10:55.7633663
1452;55;KAVAK;2022-09-03 08:12:22.9281609
1453;54;KAYNARCA;2022-09-03 08:09:28.1323872
1455;23;KEBAN;2022-09-03 08:10:02.1460065
1456;32;KEÇİBORLU;2022-09-03 08:10:45.5258713
1457;16;KELES;2022-09-03 08:09:27.8980899
1458;29;KELKİT;2022-09-03 08:10:59.3414803
1459;24;KEMAH;2022-09-03 08:10:52.5092220
1460;24;KEMALİYE;2022-09-03 08:13:02.9739934
1461;35;KEMALPAŞA;2022-09-03 08:11:45.8122671
1462;10;KEPSUT;2022-09-03 08:11:04.2687020
1463;71;KESKİN;2022-09-03 08:09:15.1011200
1464;22;KEŞAN;2022-09-03 08:10:47.3861116
1465;28;KEŞAP;2022-09-03 08:12:48.5657212
1466;14;KIBRISCIK;2022-09-03 08:09:37.5612951
1467;35;KINIK;2022-09-03 08:10:53.0799767
1468;31;KIRIKHAN;2022-09-03 08:11:48.2920000
1469;71;MERKEZ;2022-09-03 08:10:25.6950105
1470;45;KIRKAĞAÇ;2022-09-03 08:09:32.9226928
1471;39;MERKEZ;2022-09-03 08:12:59.9640777
1472;40;MERKEZ;2022-09-03 08:10:56.5598869
1473;6;KIZILCAHAMAM;2022-09-03 08:12:12.1566207
1474;47;KIZILTEPE;2022-09-03 08:10:22.5214051
1475;12;KİĞI;2022-09-03 08:12:19.9289606
1476;79;MERKEZ;2022-09-03 08:09:31.4260844
1477;35;KİRAZ;2022-09-03 08:10:42.0300972
1479;9;KOÇARLI;2022-09-03 08:11:26.0580171
1480;39;KOFÇAZ;2022-09-03 08:12:17.3459964
1482;52;KORGAN;2022-09-03 08:12:40.7562928
1483;7;KORKUTELİ;2022-09-03 08:12:53.2785999
1484;58;KOYULHİSAR;2022-09-03 08:12:41.0509449
1485;50;KOZAKLI;2022-09-03 08:09:58.1905685
1486;1;KOZAN;2022-09-03 08:11:26.3040294
1487;72;KOZLUK;2022-09-03 08:09:29.6198667
1488;48;KÖYCEĞİZ;2022-09-03 08:12:08.6321319
1489;45;KULA;2022-09-03 08:10:17.1185219
1490;21;KULP;2022-09-03 08:09:15.9965665
1491;42;KULU;2022-09-03 08:12:29.2432718
1492;7;KUMLUCA;2022-09-03 08:09:14.3826930
1493;52;KUMRU;2022-09-03 08:10:31.1088115
1494;18;KURŞUNLU;2022-09-03 08:09:40.8440808
1495;56;KURTALAN;2022-09-03 08:11:01.6737954
1496;74;KURUCAŞİLE;2022-09-03 08:12:45.9023220
1497;9;KUŞADASI;2022-09-03 08:12:29.7199605
1498;9;KUYUCAK;2022-09-03 08:10:49.9402454
1499;37;KÜRE;2022-09-03 08:13:08.1267348
1500;43;MERKEZ;2022-09-03 08:11:05.8105568
1501;55;LADİK;2022-09-03 08:13:12.5864018
1502;22;LALAPAŞA;2022-09-03 08:11:22.0735607
1503;17;LAPSEKİ;2022-09-03 08:11:49.3587511
1504;21;LİCE;2022-09-03 08:11:08.0544617
1505;39;LÜLEBURGAZ;2022-09-03 08:11:48.5083120
1506;23;MADEN;2022-09-03 08:12:55.1491550
1507;61;MAÇKA;2022-09-03 08:10:02.0121646
1508;26;MAHMUDİYE;2022-09-03 08:09:32.2816211
1510;49;MALAZGİRT;2022-09-03 08:12:06.6972683
1511;59;MALKARA;2022-09-03 08:11:35.2501362
1512;7;MANAVGAT;2022-09-03 08:12:45.0774597
1514;10;MANYAS;2022-09-03 08:09:33.7659587
1517;48;MARMARİS;2022-09-03 08:12:49.0883056
1518;62;MAZGİRT;2022-09-03 08:11:15.1211783
1519;47;MAZIDAĞI;2022-09-03 08:11:11.6696255
1520;19;MECİTÖZÜ;2022-09-03 08:09:50.8091357
1521;35;MENEMEN;2022-09-03 08:11:25.8618043
1522;14;MENGEN;2022-09-03 08:09:16.3337054
1523;22;MERİÇ;2022-09-03 08:10:14.0836978
1524;5;MERZİFON;2022-09-03 08:10:50.5019103
1525;52;MESUDİYE;2022-09-03 08:12:42.4242500
1526;47;MİDYAT;2022-09-03 08:12:49.8254918
1527;26;MİHALIÇÇIK;2022-09-03 08:10:22.0225086
1528;48;MİLAS;2022-09-03 08:09:46.2643555
1529;40;MUCUR;2022-09-03 08:09:15.9131252
1530;16;MUDANYA;2022-09-03 08:13:10.0700681
1531;14;MUDURNU;2022-09-03 08:11:19.2223228
1533;65;MURADİYE;2022-09-03 08:12:44.2594474
1534;49;MERKEZ;2022-09-03 08:12:18.1004095
1535;16;MUSTAFAKEMALPAŞA;2022-09-03 08:10:04.1362945
1536;33;MUT;2022-09-03 08:11:17.5961429
1537;13;MUTKİ;2022-09-03 08:12:39.7783300
1538;59;MURATLI;2022-09-03 08:10:59.1229978
1539;6;NALLIHAN;2022-09-03 08:11:54.2056116
1540;25;NARMAN;2022-09-03 08:10:32.4004502
1541;62;NAZIMİYE;2022-09-03 08:11:13.2688552
1542;9;NAZİLLİ;2022-09-03 08:10:30.1656106
1543;50;MERKEZ;2022-09-03 08:12:50.3085329
1544;51;MERKEZ;2022-09-03 08:12:46.4475002
1545;60;NİKSAR;2022-09-03 08:09:25.6809121
1546;27;NİZİP;2022-09-03 08:11:59.8487277
1547;47;NUSAYBİN;2022-09-03 08:11:08.6432807
1548;61;OF;2022-09-03 08:13:15.0826931
1549;27;OĞUZELİ;2022-09-03 08:12:03.5666479
1550;25;OLTU;2022-09-03 08:11:58.3612038
1551;25;OLUR;2022-09-03 08:10:09.4593815
1553;16;ORHANELİ;2022-09-03 08:11:48.9286350
1554;16;ORHANGAZİ;2022-09-03 08:09:47.7728858
1555;18;ORTA;2022-09-03 08:10:35.5484901
1556;19;ORTAKÖY;2022-09-03 08:11:13.8594425
1557;68;ORTAKÖY;2022-09-03 08:09:58.0664475
1558;19;OSMANCIK;2022-09-03 08:09:31.1804846
1559;11;OSMANELİ;2022-09-03 08:10:03.4271745
1560;80;MERKEZ;2022-09-03 08:09:20.2246680
1561;78;OVACIK;2022-09-03 08:13:04.9612735
1562;62;OVACIK;2022-09-03 08:11:02.5607951
1563;35;ÖDEMİŞ;2022-09-03 08:09:41.7538248
1564;47;ÖMERLİ;2022-09-03 08:11:27.4528464
1565;65;ÖZALP;2022-09-03 08:09:47.2774908
1566;23;PALU;2022-09-03 08:12:13.1397519
1567;25;PASİNLER;2022-09-03 08:09:34.2836454
1568;4;PATNOS;2022-09-03 08:10:44.6903890
1569;53;PAZAR;2022-09-03 08:09:23.1911050
1570;46;PAZARCIK;2022-09-03 08:11:42.2676021
1571;11;PAZARYERİ;2022-09-03 08:13:12.8478641
1572;39;PEHLİVANKÖY;2022-09-03 08:10:09.8527744
1573;52;PERŞEMBE;2022-09-03 08:10:05.9449706
1574;62;PERTEK;2022-09-03 08:09:32.5944641
1575;56;PERVARİ;2022-09-03 08:09:45.9655167
1576;38;PINARBAŞI;2022-09-03 08:09:23.6336199
1577;39;PINARHİSAR;2022-09-03 08:12:48.8569248
1578;6;POLATLI;2022-09-03 08:09:39.4534408
1579;75;POSOF;2022-09-03 08:13:09.8083583
1580;1;POZANTI;2022-09-03 08:12:37.4091809
1581;62;PÜLÜMÜR;2022-09-03 08:13:08.6988862
1582;44;PÜTÜRGE;2022-09-03 08:12:27.2344984
1583;24;REFAHİYE;2022-09-03 08:12:26.0559734
1584;60;REŞADİYE;2022-09-03 08:11:14.2893329
1585;31;REYHANLI;2022-09-03 08:10:26.7985246
1586;53;MERKEZ;2022-09-03 08:11:57.6350213
1587;78;SAFRANBOLU;2022-09-03 08:13:18.3648161
1588;1;SAİMBEYLİ;2022-09-03 08:10:24.7822241
1590;45;SALİHLİ;2022-09-03 08:13:07.2401407
1591;31;SAMANDAĞ;2022-09-03 08:10:59.8751283
1592;2;SAMSAT;2022-09-03 08:11:07.6813097
1594;3;SANDIKLI;2022-09-03 08:09:51.1918167
1595;54;SAPANCA;2022-09-03 08:09:49.7408516
1596;59;SARAY;2022-09-03 08:11:29.4446603
1597;20;SARAYKÖY;2022-09-03 08:09:41.2937524
1598;42;SARAYÖNÜ;2022-09-03 08:10:49.6114523
1599;26;SARICAKAYA;2022-09-03 08:10:50.1053404
1600;45;SARIGÖL;2022-09-03 08:10:51.4114456
1601;36;SARIKAMIŞ;2022-09-03 08:09:25.2748389
1602;66;SARIKAYA;2022-09-03 08:12:30.2573341
1603;38;SARIOĞLAN;2022-09-03 08:12:51.3717569
1604;34;SARIYER;2022-09-03 08:12:16.0243034
1605;38;SARIZ;2022-09-03 08:09:17.9390747
1606;45;SARUHANLI;2022-09-03 08:09:20.1366434
1607;72;SASON;2022-09-03 08:09:15.0120355
1608;10;SAVAŞTEPE;2022-09-03 08:12:15.3331719
1609;47;SAVUR;2022-09-03 08:09:59.1944782
1610;14;SEBEN;2022-09-03 08:11:20.6275166
1611;35;SEFERİHİSAR;2022-09-03 08:10:08.4279876
1612;35;SELÇUK;2022-09-03 08:13:00.2261260
1613;45;SELENDİ;2022-09-03 08:09:19.0089009
1614;36;SELİM;2022-09-03 08:10:37.0412727
1615;32;SENİRKENT;2022-09-03 08:10:23.2483352
1616;7;SERİK;2022-09-03 08:12:05.9860854
1617;42;SEYDİŞEHİR;2022-09-03 08:11:24.5021104
1618;26;SEYİTGAZİ;2022-09-03 08:11:27.0003240
1619;10;SINDIRGI;2022-09-03 08:09:57.9339933
1620;56;MERKEZ;2022-09-03 08:09:47.5169291
1621;33;SİLİFKE;2022-09-03 08:11:31.0565192
1622;34;SİLİVRİ;2022-09-03 08:13:13.4077140
1623;73;SİLOPİ;2022-09-03 08:10:52.0496793
1624;21;SİLVAN;2022-09-03 08:11:32.1939054
1625;43;SİMAV;2022-09-03 08:09:18.7699047
1626;3;SİNANPAŞA;2022-09-03 08:12:45.3706792
1627;57;MERKEZ;2022-09-03 08:09:23.3125914
1628;58;MERKEZ;2022-09-03 08:12:11.0115759
1629;64;SİVASLI;2022-09-03 08:13:16.6977656
1630;63;SİVEREK;2022-09-03 08:12:39.2001669
1631;23;SİVRİCE;2022-09-03 08:09:14.6855003
1632;26;SİVRİHİSAR;2022-09-03 08:12:46.6949009
1633;12;SOLHAN;2022-09-03 08:12:51.9729691
1634;45;SOMA;2022-09-03 08:09:31.5337096
1635;66;SORGUN;2022-09-03 08:11:03.1020358
1636;11;SÖĞÜT;2022-09-03 08:13:02.3268683
1637;9;SÖKE;2022-09-03 08:11:53.2570343
1638;71;SULAKYURT;2022-09-03 08:11:00.5179369
1639;3;SULTANDAĞI;2022-09-03 08:11:37.1213047
1640;9;SULTANHİSAR;2022-09-03 08:11:34.2451716
1641;5;SULUOVA;2022-09-03 08:09:25.5846474
1642;19;SUNGURLU;2022-09-03 08:11:27.2418554
1643;63;SURUÇ;2022-09-03 08:10:31.3184222
1644;10;SUSURLUK;2022-09-03 08:11:31.9926818
1645;36;SUSUZ;2022-09-03 08:10:07.8992004
1646;58;SUŞEHRİ;2022-09-03 08:12:32.9323953
1647;61;SÜRMENE;2022-09-03 08:09:20.0588720
1648;32;SÜTÇÜLER;2022-09-03 08:09:49.4895026
1649;18;ŞABANÖZÜ;2022-09-03 08:09:17.6856689
1650;58;ŞARKIŞLA;2022-09-03 08:09:22.1395389
1651;32;ŞARKİKARAAĞAÇ;2022-09-03 08:11:45.1838952
1652;59;ŞARKÖY;2022-09-03 08:11:23.9255342
1653;8;ŞAVŞAT;2022-09-03 08:10:14.4387222
1654;28;ŞEBİNKARAHİSAR;2022-09-03 08:12:23.7055372
1655;66;ŞEFAATLİ;2022-09-03 08:12:29.4855228
1656;30;ŞEMDİNLİ;2022-09-03 08:09:59.6268752
1657;25;ŞENKAYA;2022-09-03 08:10:13.0663166
1658;6;ŞEREFLİKOÇHİSAR;2022-09-03 08:13:01.8053493
1659;34;ŞİLE;2022-09-03 08:10:56.9631260
1660;29;ŞİRAN;2022-09-03 08:10:17.3122435
1661;73;MERKEZ;2022-09-03 08:12:23.1794967
1662;56;ŞİRVAN;2022-09-03 08:10:14.8026639
1663;34;ŞİŞLİ;2022-09-03 08:11:40.0675101
1664;3;ŞUHUT;2022-09-03 08:10:38.0548099
1665;33;TARSUS;2022-09-03 08:12:20.6826530
1666;37;TAŞKÖPRÜ;2022-09-03 08:12:59.6774798
1667;4;TAŞLIÇAY;2022-09-03 08:10:26.4632891
1668;5;TAŞOVA;2022-09-03 08:12:58.7848422
1669;13;TATVAN;2022-09-03 08:13:05.2714068
1670;20;TAVAS;2022-09-03 08:10:03.5611570
1671;43;TAVŞANLI;2022-09-03 08:11:01.9208212
1672;15;TEFENNİ;2022-09-03 08:11:11.2266815
1674;25;TEKMAN;2022-09-03 08:09:20.3201784
1675;24;TERCAN;2022-09-03 08:10:21.5472561
1676;55;TERME;2022-09-03 08:09:14.4675582
1677;35;TİRE;2022-09-03 08:12:35.8819812
1678;28;TİREBOLU;2022-09-03 08:09:44.0800323
1679;60;MERKEZ;2022-09-03 08:11:02.3239651
1680;38;TOMARZA;2022-09-03 08:12:43.7558506
1681;61;TONYA;2022-09-03 08:12:54.8506840
1682;35;TORBALI;2022-09-03 08:09:50.1084370
1683;25;TORTUM;2022-09-03 08:10:54.6347232
1684;29;TORUL;2022-09-03 08:09:17.5153818
1685;37;TOSYA;2022-09-03 08:10:35.2126607
1687;1;TUFANBEYLİ;2022-09-03 08:12:07.9596973
1688;62;MERKEZ;2022-09-03 08:09:55.5879389
1689;45;TURGUTLU;2022-09-03 08:09:58.8879162
1690;60;TURHAL;2022-09-03 08:09:35.9358789
1691;4;TUTAK;2022-09-03 08:11:18.7743881
1692;76;TUZLUCA;2022-09-03 08:11:11.0051654
1693;57;TÜRKELİ;2022-09-03 08:11:53.5224584
1694;46;TÜRKOĞLU;2022-09-03 08:09:57.5503835
1695;48;ULA;2022-09-03 08:11:28.7957760
1696;52;ULUBEY;2022-09-03 08:12:57.9925059
1697;64;ULUBEY;2022-09-03 08:11:42.9070074
1698;73;ULUDERE;2022-09-03 08:09:31.2867690
1699;32;ULUBORLU;2022-09-03 08:09:40.0296840
1700;51;ULUKIŞLA;2022-09-03 08:09:41.9205369
1701;74;ULUS;2022-09-03 08:11:40.5892952
1703;35;URLA;2022-09-03 08:12:11.7055128
1704;64;MERKEZ;2022-09-03 08:10:19.6414421
1705;22;UZUNKÖPRÜ;2022-09-03 08:09:17.7644484
1706;52;ÜNYE;2022-09-03 08:12:31.1348781
1707;50;ÜRGÜP;2022-09-03 08:11:42.4814601
1708;34;ÜSKÜDAR;2022-09-03 08:09:32.4569276
1709;61;VAKFIKEBİR;2022-09-03 08:11:44.9713038
1711;49;VARTO;2022-09-03 08:10:44.2719657
1712;55;VEZİRKÖPRÜ;2022-09-03 08:09:55.7858098
1713;63;VİRANŞEHİR;2022-09-03 08:10:55.5782640
1714;39;VİZE;2022-09-03 08:09:16.1800918
1715;38;YAHYALI;2022-09-03 08:11:10.4017941
1716;77;MERKEZ;2022-09-03 08:10:15.7656935
1717;32;YALVAÇ;2022-09-03 08:10:57.8572927
1718;18;YAPRAKLI;2022-09-03 08:11:51.9738819
1719;48;YATAĞAN;2022-09-03 08:10:21.0400373
1720;27;YAVUZELİ;2022-09-03 08:12:14.8627983
1721;31;YAYLADAĞI;2022-09-03 08:10:20.3230243
1722;17;YENİCE;2022-09-03 08:09:15.8319337
1723;6;YENİMAHALLE;2022-09-03 08:11:47.6618343
1724;9;YENİPAZAR;2022-09-03 08:10:50.6720134
1725;16;YENİŞEHİR;2022-09-03 08:10:30.9537039
1726;66;YERKÖY;2022-09-03 08:11:46.4824436
1727;38;YEŞİLHİSAR;2022-09-03 08:09:18.8566890
1728;15;YEŞİLOVA;2022-09-03 08:10:45.3623243
1729;44;YEŞİLYURT;2022-09-03 08:13:08.9712984
1730;81;YIĞILCA;2022-09-03 08:11:59.6042596
1731;58;YILDIZELİ;2022-09-03 08:09:34.4305268
1732;61;YOMRA;2022-09-03 08:09:43.8018213
1733;66;MERKEZ;2022-09-03 08:12:02.6083265
1734;1;YUMURTALIK;2022-09-03 08:11:29.6415926
1735;42;YUNAK;2022-09-03 08:10:21.1940124
1736;8;YUSUFELİ;2022-09-03 08:11:09.9920996
1737;30;YÜKSEKOVA;2022-09-03 08:10:28.1055460
1738;58;ZARA;2022-09-03 08:11:34.8033173
1739;34;ZEYTİNBURNU;2022-09-03 08:12:26.9994845
1740;60;ZİLE;2022-09-03 08:09:34.6909946
1741;67;MERKEZ;2022-09-03 08:12:55.9031796
1742;48;DALAMAN;2022-09-03 08:10:18.8090110
1743;80;DÜZİÇİ;2022-09-03 08:10:28.2962955
1744;6;GÖLBAŞI;2022-09-03 08:09:34.1043929
1745;6;KEÇİÖREN;2022-09-03 08:10:05.1620872
1746;6;MAMAK;2022-09-03 08:10:39.6602714
1747;6;SİNCAN;2022-09-03 08:11:46.8818233
1748;1;YÜREĞİR;2022-09-03 08:12:59.3067285
1749;50;ACIGÖL;2022-09-03 08:11:02.0978089
1750;12;ADAKLI;2022-09-03 08:09:48.0562366
1751;45;AHMETLİ;2022-09-03 08:10:19.1136692
1752;38;AKKIŞLA;2022-09-03 08:12:35.5936572
1753;42;AKÖREN;2022-09-03 08:10:33.9753653
1754;40;AKPINAR;2022-09-03 08:13:13.6936948
1755;32;AKSU;2022-09-03 08:11:25.6613535
1756;36;AKYAKA;2022-09-03 08:09:42.0583472
1757;1;ALADAĞ;2022-09-03 08:10:15.3076645
1758;67;ALAPLI;2022-09-03 08:10:18.0840176
1759;26;ALPU;2022-09-03 08:09:14.5476936
1760;42;ALTINEKİN;2022-09-03 08:10:36.1361255
1761;74;AMASRA;2022-09-03 08:11:54.8504722
1762;23;ARICAK;2022-09-03 08:10:00.2941087
1763;55;ASARCIK;2022-09-03 08:10:24.1346222
1764;43;ASLANAPA;2022-09-03 08:10:14.9570512
1765;18;ATKARACALAR;2022-09-03 08:09:51.8347480
1766;33;AYDINCIK;2022-09-03 08:11:16.8408137
1767;69;AYDINTEPE;2022-09-03 08:09:36.3802786
1768;70;AYRANCI;2022-09-03 08:11:36.6631063
1769;20;BABADAĞ;2022-09-03 08:11:49.1356341
1770;65;BAHÇESARAY;2022-09-03 08:11:43.9667147
1771;3;BAŞMAKÇI;2022-09-03 08:11:38.3878205
1772;44;BATTALGAZİ;2022-09-03 08:11:56.4005073
1773;3;BAYAT;2022-09-03 08:10:22.1695365
1774;20;BEKİLLİ;2022-09-03 08:11:09.3943731
1775;61;BEŞİKDÜZÜ;2022-09-03 08:12:15.7942567
1776;35;BEYDAĞ;2022-09-03 08:09:20.6486316
1777;26;BEYLİKOVA;2022-09-03 08:09:49.1271211
1778;19;BOĞAZKALE;2022-09-03 08:09:53.8162568
1779;33;BOZYAZI;2022-09-03 08:09:38.3617606
1780;35;BUCA;2022-09-03 08:13:05.8293188
1781;9;BUHARKENT;2022-09-03 08:10:09.7232485
1782;34;BÜYÜKÇEKMECE;2022-09-03 08:12:32.6479464
1783;16;BÜYÜKORHAN;2022-09-03 08:13:03.2260066
1784;81;CUMAYERİ;2022-09-03 08:12:02.8428837
1785;46;ÇAĞLAYANCERİT;2022-09-03 08:12:13.9387550
1786;65;ÇALDIRAN;2022-09-03 08:12:37.1593142
1787;47;DARGEÇİT;2022-09-03 08:12:02.1600832
1788;69;DEMİRÖZÜ;2022-09-03 08:10:05.0454373
1789;42;DEREBUCAK;2022-09-03 08:10:52.6853578
1790;43;DUMLUPINAR;2022-09-03 08:12:47.1883201
1791;21;EĞİL;2022-09-03 08:09:37.1324080
1792;31;ERZİN;2022-09-03 08:12:09.7243602
1793;45;GÖLMARMARA;2022-09-03 08:09:18.5783502
1794;81;GÖLYAKA;2022-09-03 08:12:32.4137517
1795;52;GÜLYALI;2022-09-03 08:10:05.2936521
1796;53;GÜNEYSU;2022-09-03 08:10:26.2990945
1797;52;GÜRGENTEPE;2022-09-03 08:12:35.3560513
1798;13;GÜROYMAK;2022-09-03 08:09:55.9199785
1799;16;HARMANCIK;2022-09-03 08:11:19.4259745
1800;63;HARRAN;2022-09-03 08:09:42.2222635
1801;49;HASKÖY;2022-09-03 08:10:06.9187270
1802;43;HİSARCIK;2022-09-03 08:10:12.3471326
1803;20;HONAZ;2022-09-03 08:10:55.1845917
1804;42;HÜYÜK;2022-09-03 08:11:24.1183273
1805;37;İHSANGAZİ;2022-09-03 08:10:05.4799319
1806;1;İMAMOĞLU;2022-09-03 08:12:39.4792180
1807;9;İNCİRLİOVA;2022-09-03 08:10:33.0417976
1808;26;İNÖNÜ;2022-09-03 08:12:56.4029429
1809;3;İSCEHİSAR;2022-09-03 08:09:32.3707617
1810;34;KAĞITHANE;2022-09-03 08:11:16.4657095
1811;7;DEMRE;2022-09-03 08:11:51.0806521
1812;25;KARAÇOBAN;2022-09-03 08:09:22.0562936
1813;15;KARAMANLI;2022-09-03 08:10:16.9590398
1814;42;KARATAY;2022-09-03 08:12:52.2362537
1815;6;KAHRAMANKAZAN;2022-09-03 08:11:15.9191083
1816;15;KEMER;2022-09-03 08:09:36.2078266
1817;18;KIZILIRMAK;2022-09-03 08:11:46.2717531
1818;54;KOCAALİ;2022-09-03 08:09:21.8669421
1819;35;KONAK;2022-09-03 08:10:20.1665441
1820;23;KOVANCILAR;2022-09-03 08:10:23.5983957
1821;41;KÖRFEZ;2022-09-03 08:12:21.3893710
1822;29;KÖSE;2022-09-03 08:09:32.1847866
1823;34;KÜÇÜKÇEKMECE;2022-09-03 08:10:24.4646287
1824;10;MARMARA;2022-09-03 08:11:18.3747397
1825;59;MARMARAEREĞLİSİ;2022-09-03 08:13:18.0514566
1826;35;MENDERES;2022-09-03 08:09:16.2560566
1827;42;MERAM;2022-09-03 08:10:42.9893388
1828;8;MURGUL;2022-09-03 08:12:22.1281792
1829;16;NİLÜFER;2022-09-03 08:10:42.1929924
1830;55;19 MAYIS;2022-09-03 08:10:21.3412165
1831;48;ORTACA;2022-09-03 08:12:11.9281338
1832;16;OSMANGAZİ;2022-09-03 08:10:25.5407776
1833;54;PAMUKOVA;2022-09-03 08:09:49.9857238
1834;60;PAZAR;2022-09-03 08:11:50.8548966
1835;34;PENDİK;2022-09-03 08:12:25.2095042
1836;37;PINARBAŞI;2022-09-03 08:10:17.5183942
1837;28;PİRAZİZ;2022-09-03 08:09:49.8684703
1838;55;SALIPAZARI;2022-09-03 08:12:01.1578536
1839;42;SELÇUKLU;2022-09-03 08:12:14.4051061
1840;20;SERİNHİSAR;2022-09-03 08:11:46.6925861
1841;27;ŞAHİNBEY;2022-09-03 08:12:06.2397204
1842;61;ŞALPAZARI;2022-09-03 08:12:40.2686655
1843;43;ŞAPHANE;2022-09-03 08:10:13.2167531
1844;27;ŞEHİTKAMİL;2022-09-03 08:09:33.9119897
1845;37;ŞENPAZAR;2022-09-03 08:12:41.9174783
1846;38;TALAS;2022-09-03 08:10:48.0522683
1847;54;TARAKLI;2022-09-03 08:12:50.5622074
1848;42;TAŞKENT;2022-09-03 08:09:22.9748184
1849;55;TEKKEKÖY;2022-09-03 08:12:44.0086461
1850;19;UĞURLUDAĞ;2022-09-03 08:12:56.1558989
1851;25;UZUNDERE;2022-09-03 08:09:19.0858456
1852;34;ÜMRANİYE;2022-09-03 08:12:58.4803042
1853;24;ÜZÜMLÜ;2022-09-03 08:10:38.2168206
1854;28;YAĞLIDERE;2022-09-03 08:09:34.9096584
1855;12;YAYLADERE;2022-09-03 08:09:39.5646623
1856;78;YENİCE;2022-09-03 08:11:23.5357975
1857;11;YENİPAZAR;2022-09-03 08:09:39.0412034
1858;60;YEŞİLYURT;2022-09-03 08:10:34.8516724
1859;16;YILDIRIM;2022-09-03 08:10:19.2616638
1860;68;AĞAÇÖREN;2022-09-03 08:11:53.9620206
1861;68;GÜZELYURT;2022-09-03 08:10:57.6523488
1862;70;KAZIMKARABEKİR;2022-09-03 08:10:47.7253289
1863;38;KOCASİNAN;2022-09-03 08:10:13.9330469
1864;38;MELİKGAZİ;2022-09-03 08:12:27.9631151
1865;25;PAZARYOLU;2022-09-03 08:10:30.3207915
1866;68;SARIYAHŞİ;2022-09-03 08:11:45.3943830
1867;37;AĞLI;2022-09-03 08:10:10.1352426
1868;42;AHIRLI;2022-09-03 08:12:03.8539465
1869;40;AKÇAKENT;2022-09-03 08:09:21.5704218
1870;58;AKINCILAR;2022-09-03 08:10:42.4961218
1871;20;PAMUKKALE;2022-09-03 08:11:13.4633203
1872;6;AKYURT;2022-09-03 08:11:49.5721623
1873;23;ALACAKAYA;2022-09-03 08:10:12.9112133
1874;15;ALTINYAYLA;2022-09-03 08:11:15.7310543
1875;58;ALTINYAYLA;2022-09-03 08:09:21.4931178
1876;51;ALTUNHİSAR;2022-09-03 08:10:39.8209004
1877;66;AYDINCIK;2022-09-03 08:12:31.3775425
1878;56;TİLLO;2022-09-03 08:12:21.8583517
1879;55;AYVACIK;2022-09-03 08:09:21.7202894
1880;71;BAHŞILI;2022-09-03 08:10:33.6399658
1881;20;BAKLAN;2022-09-03 08:12:00.3360285
1882;71;BALIŞEYH;2022-09-03 08:12:53.7878837
1883;60;BAŞÇİFTLİK;2022-09-03 08:10:49.7729650
1884;70;BAŞYAYLA;2022-09-03 08:10:26.1438086
1885;18;BAYRAMÖREN;2022-09-03 08:09:33.0116230
1886;34;BAYRAMPAŞA;2022-09-03 08:09:35.7930818
1887;31;BELEN;2022-09-03 08:09:56.1726902
1888;20;BEYAĞAÇ;2022-09-03 08:09:39.9241282
1889;20;BOZKURT;2022-09-03 08:10:57.4860227
1890;40;BOZTEPE;2022-09-03 08:11:48.7209007
1891;52;ÇAMAŞ;2022-09-03 08:09:29.3467476
1892;33;ÇAMLIYAYLA;2022-09-03 08:12:04.0893685
1893;28;ÇAMOLUK;2022-09-03 08:09:35.6068497
1894;28;ÇANAKÇI;2022-09-03 08:13:12.0595968
1895;66;ÇANDIR;2022-09-03 08:10:14.6091015
1896;61;ÇARŞIBAŞI;2022-09-03 08:09:29.1769285
1897;52;ÇATALPINAR;2022-09-03 08:12:10.7293317
1898;43;ÇAVDARHİSAR;2022-09-03 08:12:08.4119529
1899;15;ÇAVDIR;2022-09-03 08:10:16.8011532
1900;52;ÇAYBAŞI;2022-09-03 08:09:18.9326476
1901;71;ÇELEBİ;2022-09-03 08:10:31.4752846
1902;42;ÇELTİK;2022-09-03 08:13:17.2294337
1903;15;ÇELTİKÇİ;2022-09-03 08:10:45.0305034
1904;51;ÇİFTLİK;2022-09-03 08:09:29.0845399
1905;81;ÇİLİMLİ;2022-09-03 08:11:05.5868124
1906;3;ÇOBANLAR;2022-09-03 08:10:57.1368173
1907;42;DERBENT;2022-09-03 08:12:08.1797256
1908;53;DEREPAZARI;2022-09-03 08:12:26.7672569
1909;61;DERNEKPAZARI;2022-09-03 08:11:14.0478060
1910;57;DİKMEN;2022-09-03 08:10:41.8601568
1911;19;DODURGA;2022-09-03 08:11:31.7816195
1912;28;DOĞANKENT;2022-09-03 08:09:34.5374671
1913;58;DOĞANŞAR;2022-09-03 08:10:29.2612382
1914;44;DOĞANYOL;2022-09-03 08:11:18.9749128
1915;37;DOĞANYURT;2022-09-03 08:10:07.1065887
1916;14;DÖRTDİVAN;2022-09-03 08:10:15.1483232
1917;61;DÜZKÖY;2022-09-03 08:10:38.5460185
1918;65;EDREMİT;2022-09-03 08:11:26.4865280
1919;46;EKİNÖZÜ;2022-09-03 08:12:42.6935396
1920;42;EMİRGAZİ;2022-09-03 08:10:19.9687076
1921;68;ESKİL;2022-09-03 08:10:16.4927230
1922;6;ETİMESGUT;2022-09-03 08:09:51.3072763
1923;3;EVCİLER;2022-09-03 08:09:32.8299897
1924;6;EVREN;2022-09-03 08:11:59.3895359
1925;54;FERİZLİ;2022-09-03 08:12:02.3816746
1926;67;GÖKÇEBEY;2022-09-03 08:12:09.3107401
1927;58;GÖLOVA;2022-09-03 08:09:37.2330910
1928;10;GÖMEÇ;2022-09-03 08:09:48.1913487
1929;32;GÖNEN;2022-09-03 08:10:39.4883645
1930;28;GÜCE;2022-09-03 08:10:17.7198084
1931;73;GÜÇLÜKONAK;2022-09-03 08:09:49.6148071
1932;68;GÜLAĞAÇ;2022-09-03 08:12:06.9253869
1933;42;GÜNEYSINIR;2022-09-03 08:11:00.0512660
1934;26;GÜNYÜZÜ;2022-09-03 08:10:35.0047493
1935;16;GÜRSU;2022-09-03 08:10:19.4102600
1936;38;HACILAR;2022-09-03 08:11:37.9935838
1937;42;HALKAPINAR;2022-09-03 08:09:53.6958171
1938;5;HAMAMÖZÜ;2022-09-03 08:13:08.3877672
1939;26;HAN;2022-09-03 08:10:44.0565492
1940;37;HANÖNÜ;2022-09-03 08:10:45.7450958
1941;72;HASANKEYF;2022-09-03 08:11:03.2979708
1942;61;HAYRAT;2022-09-03 08:09:44.3429676
1943;53;HEMŞİN;2022-09-03 08:09:17.4250681
1944;3;HOCALAR;2022-09-03 08:10:58.9456791
1945;25;AZİZİYE;2022-09-03 08:11:07.8670937
1946;7;İBRADI;2022-09-03 08:09:39.8173974
1947;52;İKİZCE;2022-09-03 08:10:30.4738084
1948;11;İNHİSAR;2022-09-03 08:12:36.1354192
1949;53;İYİDERE;2022-09-03 08:11:37.5878184
1950;52;KABADÜZ;2022-09-03 08:11:33.0854529
1951;52;KABATAŞ;2022-09-03 08:09:38.0277299
1952;66;KADIŞEHRİ;2022-09-03 08:10:43.3210690
1953;44;KALE;2022-09-03 08:09:19.1586079
1954;71;KARAKEÇİLİ;2022-09-03 08:11:45.6038603
1955;54;KARAPÜRÇEK;2022-09-03 08:09:20.3986786
1956;27;KARKAMIŞ;2022-09-03 08:11:51.7683340
1957;9;KARPUZLU;2022-09-03 08:12:40.5160719
1958;48;KAVAKLIDERE;2022-09-03 08:12:43.2423311
1959;7;KEMER;2022-09-03 08:09:56.0491692
1960;16;KESTEL;2022-09-03 08:10:47.5613217
1961;3;KIZILÖREN;2022-09-03 08:12:46.9371529
1962;21;KOCAKÖY;2022-09-03 08:11:38.1887869
1963;18;KORGUN;2022-09-03 08:13:09.4957116
1964;49;KORKUT;2022-09-03 08:09:51.0769109
1965;45;KÖPRÜBAŞI;2022-09-03 08:09:48.3127198
1966;61;KÖPRÜBAŞI;2022-09-03 08:09:30.8316533
1967;25;KÖPRÜKÖY;2022-09-03 08:10:58.2125286
1968;9;KÖŞK;2022-09-03 08:09:47.3951392
1969;44;KULUNCAK;2022-09-03 08:09:25.4790129
1970;31;KUMLU;2022-09-03 08:11:54.6344716
1971;29;KÜRTÜN;2022-09-03 08:09:23.0631202
1972;19;LAÇİN;2022-09-03 08:11:35.4472361
1973;26;MİHALGAZİ;2022-09-03 08:11:16.2987657
1974;27;NURDAĞI;2022-09-03 08:12:21.1583186
1975;46;NURHAK;2022-09-03 08:10:40.7556264
1976;19;OĞUZLAR;2022-09-03 08:11:50.6336490
1977;24;OTLUKBELİ;2022-09-03 08:12:09.9413612
1978;38;ÖZVATAN;2022-09-03 08:10:32.5622495
1979;43;PAZARLAR;2022-09-03 08:10:29.1116946
1980;65;SARAY;2022-09-03 08:13:15.6083145
1981;57;SARAYDÜZÜ;2022-09-03 08:11:29.8430624
1982;66;SARAYKENT;2022-09-03 08:09:27.9986515
1983;70;SARIVELİLER;2022-09-03 08:11:44.1729515
1984;37;SEYDİLER;2022-09-03 08:10:51.5916033
1985;2;SİNCİK;2022-09-03 08:10:07.3086458
1986;54;SÖĞÜTLÜ;2022-09-03 08:10:01.8827576
1987;60;SULUSARAY;2022-09-03 08:12:00.1067570
1988;22;SÜLOĞLU;2022-09-03 08:09:41.1810314
1989;2;TUT;2022-09-03 08:11:28.9872957
1990;42;TUZLUKÇU;2022-09-03 08:09:29.2627717
1991;58;ULAŞ;2022-09-03 08:12:19.1269871
1992;71;YAHŞİHAN;2022-09-03 08:09:19.9714234
1993;55;YAKAKENT;2022-09-03 08:12:26.5348037
1994;42;YALIHÜYÜK;2022-09-03 08:10:59.7042166
1995;44;YAZIHAN;2022-09-03 08:09:45.8479048
1996;12;YEDİSU;2022-09-03 08:11:56.1302806
1997;14;YENİÇAĞA;2022-09-03 08:12:03.3245962
1998;66;YENİFAKILI;2022-09-03 08:09:52.7755339
2000;9;DİDİM;2022-09-03 08:12:05.7745563
2001;32;YENİŞARBADEMLİ;2022-09-03 08:10:28.4680471
2002;47;YEŞİLLİ;2022-09-03 08:09:35.7033356
2003;34;AVCILAR;2022-09-03 08:12:46.1447429
2004;34;BAĞCILAR;2022-09-03 08:10:55.3565282
2005;34;BAHÇELİEVLER;2022-09-03 08:12:03.0695392
2006;35;BALÇOVA;2022-09-03 08:09:37.3323327
2007;35;ÇİĞLİ;2022-09-03 08:10:45.1965798
2008;75;DAMAL;2022-09-03 08:10:07.4408913
2009;35;GAZİEMİR;2022-09-03 08:09:36.2949560
2010;34;GÜNGÖREN;2022-09-03 08:09:53.3928404
2011;76;KARAKOYUNLU;2022-09-03 08:11:56.6183452
2012;34;MALTEPE;2022-09-03 08:09:52.9129286
2013;35;NARLIDERE;2022-09-03 08:11:37.7910325
2014;34;SULTANBEYLİ;2022-09-03 08:12:00.5635440
2015;34;TUZLA;2022-09-03 08:10:09.3252454
2016;34;ESENLER;2022-09-03 08:12:20.1726604
2017;81;GÜMÜŞOVA;2022-09-03 08:09:29.7332412
2018;35;GÜZELBAHÇE;2022-09-03 08:11:56.8345142
2019;77;ALTINOVA;2022-09-03 08:13:01.2894128
2020;77;ARMUTLU;2022-09-03 08:11:43.7561974
2021;77;ÇINARCIK;2022-09-03 08:12:37.6584143
2022;77;ÇİFTLİKKÖY;2022-09-03 08:10:06.0755356
2023;79;ELBEYLİ;2022-09-03 08:13:15.8715795
2024;79;MUSABEYLİ;2022-09-03 08:12:34.0341858
2025;79;POLATELİ;2022-09-03 08:11:20.1880731
2026;77;TERMAL;2022-09-03 08:10:42.8231435
2027;80;HASANBEYLİ;2022-09-03 08:11:31.2530958
2028;80;SUMBAS;2022-09-03 08:11:24.8914479
2029;80;TOPRAKKALE;2022-09-03 08:11:55.0674274
2030;41;DERİNCE;2022-09-03 08:09:57.3128694
2031;81;KAYNAŞLI;2022-09-03 08:11:16.1123566
2032;1;SARIÇAM;2022-09-03 08:10:01.4892702
2033;1;ÇUKUROVA;2022-09-03 08:11:01.4450766
2034;6;PURSAKLAR;2022-09-03 08:11:23.7388956
2035;7;AKSU;2022-09-03 08:12:17.8219067
2036;7;DÖŞEMEALTI;2022-09-03 08:11:04.8269863
2037;7;KEPEZ;2022-09-03 08:12:09.5152203
2038;7;KONYAALTI;2022-09-03 08:10:00.9945077
2039;7;MURATPAŞA;2022-09-03 08:10:32.8754529
2040;21;BAĞLAR;2022-09-03 08:10:42.3347173
2041;21;KAYAPINAR;2022-09-03 08:12:34.2689458
2042;21;SUR;2022-09-03 08:09:20.4752091
2043;21;YENİŞEHİR;2022-09-03 08:10:33.4800086
2044;25;PALANDÖKEN;2022-09-03 08:10:06.2121089
2045;25;YAKUTİYE;2022-09-03 08:12:18.6589245
2046;26;ODUNPAZARI;2022-09-03 08:09:32.7404074
2047;26;TEPEBAŞI;2022-09-03 08:09:51.5875368
2048;34;ARNAVUTKÖY;2022-09-03 08:09:28.9936762
2049;34;ATAŞEHİR;2022-09-03 08:12:05.5721167
2050;34;BAŞAKŞEHİR;2022-09-03 08:10:01.1238480
2051;34;BEYLİKDÜZÜ;2022-09-03 08:10:02.8484736
2052;34;ÇEKMEKÖY;2022-09-03 08:10:23.4028942
2053;34;ESENYURT;2022-09-03 08:12:23.4204945
2054;34;SANCAKTEPE;2022-09-03 08:13:15.3508075
2055;34;SULTANGAZİ;2022-09-03 08:09:40.9602492
2056;35;BAYRAKLI;2022-09-03 08:11:18.5417265
2057;35;KARABAĞLAR;2022-09-03 08:11:34.0526609
2058;41;BAŞİSKELE;2022-09-03 08:10:09.5919980
2059;41;ÇAYIROVA;2022-09-03 08:09:23.5522868
2060;41;DARICA;2022-09-03 08:11:06.9852418
2061;41;DİLOVASI;2022-09-03 08:09:47.1525976
2062;41;İZMİT;2022-09-03 08:11:21.8791561
2063;41;KARTEPE;2022-09-03 08:10:25.9955864
2064;33;AKDENİZ;2022-09-03 08:09:45.7270490
2065;33;MEZİTLİ;2022-09-03 08:12:43.5026515
2066;33;TOROSLAR;2022-09-03 08:09:53.2678446
2067;33;YENİŞEHİR;2022-09-03 08:11:09.5854219
2068;54;ADAPAZARI;2022-09-03 08:09:59.4537179
2069;54;ARİFİYE;2022-09-03 08:10:03.3035046
2070;54;ERENLER;2022-09-03 08:12:18.8949710
2071;54;SERDİVAN;2022-09-03 08:09:54.9747627
2072;55;ATAKUM;2022-09-03 08:10:01.3622668
2073;55;CANİK;2022-09-03 08:10:37.8463912
2074;55;İLKADIM;2022-09-03 08:11:18.0172887
2076;9;EFELER;2022-09-03 08:10:26.6441135
2077;10;ALTIEYLÜL;2022-09-03 08:10:31.6785787
2078;10;KARESİ;2022-09-03 08:10:33.8062281
2079;20;MERKEZEFENDİ;2022-09-03 08:13:06.3855049
2080;31;ANTAKYA;2022-09-03 08:11:23.2855580
2081;31;ARSUZ;2022-09-03 08:09:36.4755160
2082;31;DEFNE;2022-09-03 08:11:05.2384807
2083;31;PAYAS;2022-09-03 08:09:14.6128245
2084;46;DULKADİROĞLU;2022-09-03 08:09:17.3493510
2085;46;ONİKİŞUBAT;2022-09-03 08:13:10.3821857
2086;45;ŞEHZADELER;2022-09-03 08:12:07.1663244
2087;45;YUNUSEMRE;2022-09-03 08:10:53.2513177
2088;47;ARTUKLU;2022-09-03 08:12:26.3062106
2089;48;MENTEŞE;2022-09-03 08:09:46.0960261
2090;48;SEYDİKEMER;2022-09-03 08:11:41.2275632
2091;63;EYYÜBİYE;2022-09-03 08:09:23.4490619
2092;63;HALİLİYE;2022-09-03 08:11:39.6560487
2093;63;KARAKÖPRÜ;2022-09-03 08:10:44.4697592
2094;59;ERGENE;2022-09-03 08:11:40.2785666
2095;59;KAPAKLI;2022-09-03 08:12:40.0219398
2096;59;SÜLEYMANPAŞA;2022-09-03 08:09:39.7014275
2097;61;ORTAHİSAR;2022-09-03 08:11:12.6059668
2098;65;İPEKYOLU;2022-09-03 08:09:45.1909198
2099;65;TUŞBA;2022-09-03 08:12:14.1712243
2100;67;KİLİMLİ;2022-09-03 08:09:57.0210968
2101;67;KOZLU;2022-09-03 08:11:21.3518181
2103;52;ALTINORDU;2022-09-03 08:09:22.8848733
2105;8;KEMALPAŞA;2022-09-03 08:09:36.0326849
2106;68;SULTANHANI;2022-09-03 08:12:27.5018189
2107;30;DERECİK;2022-09-03 08:12:21.6229419
